archivo,video,particion,dhash,doble_etiquetado
yt_GPCHfE_min020_000000.jpg,yt_GPCHfE_min020.mp4,prueba,81ad2d2d7b6e2d2c,0
yt_GPCHfE_min020_000150.jpg,yt_GPCHfE_min020.mp4,prueba,81ad2d2d7b6e2d2c,0
yt_GPCHfE_min020_000300.jpg,yt_GPCHfE_min020.mp4,prueba,81ad2d2d7b6e2d2c,0
yt_GPCHfE_min020_000450.jpg,yt_GPCHfE_min020.mp4,prueba,81ad2d2d7b6e2d2c,0
yt_GPCHfE_min020_000600.jpg,yt_GPCHfE_min020.mp4,prueba,81ad2d2d7b6e2d2c,0
yt_GPCHfE_min020_000750.jpg,yt_GPCHfE_min020.mp4,prueba,81ad2d2d7b6e2d2c,0
yt_GPCHfE_min020_000900.jpg,yt_GPCHfE_min020.mp4,prueba,81ad2d2d7b6e2d2c,0
yt_GPCHfE_min020_001050.jpg,yt_GPCHfE_min020.mp4,prueba,81ad2d2d7b6e2d2c,0
yt_GPCHfE_min020_001200.jpg,yt_GPCHfE_min020.mp4,prueba,81ad2d2d7b6e2d2c,0
yt_GPCHfE_min020_001350.jpg,yt_GPCHfE_min020.mp4,prueba,81ad2d2d7b6e2d2c,0
yt_GPCHfE_min020_001500.jpg,yt_GPCHfE_min020.mp4,prueba,81ad2d2d7b6e2d2c,0
yt_GPCHfE_min020_001650.jpg,yt_GPCHfE_min020.mp4,prueba,81ad2d2d7b6e2d2c,0
yt_GPCHfE_min020_001800.jpg,yt_GPCHfE_min020.mp4,prueba,81ad2d2d7b6e2d2c,0
yt_GPCHfE_min020_001950.jpg,yt_GPCHfE_min020.mp4,prueba,81ad2d2d7b6e2d2c,0
yt_GPCHfE_min020_002100.jpg,yt_GPCHfE_min020.mp4,prueba,81ad2d2d7b6e2d2c,0
yt_GPCHfE_min020_002250.jpg,yt_GPCHfE_min020.mp4,prueba,81ad2d2d7b6e2d2c,0
yt_GPCHfE_min020_002400.jpg,yt_GPCHfE_min020.mp4,prueba,81ad2d2d7b6e2d2c,0
yt_GPCHfE_min020_002550.jpg,yt_GPCHfE_min020.mp4,prueba,81ad2d2d7b6e2d2c,0
yt_GPCHfE_min020_002700.jpg,yt_GPCHfE_min020.mp4,prueba,81ad2d2d7b6e2d2c,0
yt_GPCHfE_min020_002850.jpg,yt_GPCHfE_min020.mp4,prueba,81ad2d2d7b6e2d2c,0
yt_GPCHfE_min020_003000.jpg,yt_GPCHfE_min020.mp4,prueba,81ad2d2d7b6e2d2c,0
yt_GPCHfE_min020_003150.jpg,yt_GPCHfE_min020.mp4,prueba,81ad2d2d7b6e2d2c,0
yt_GPCHfE_min020_003300.jpg,yt_GPCHfE_min020.mp4,prueba,81ad2d2d7b6e2d2c,0
yt_GPCHfE_min020_003450.jpg,yt_GPCHfE_min020.mp4,prueba,81ad2d2d7b6e2d2c,0
yt_GPCHfE_min020_003600.jpg,yt_GPCHfE_min020.mp4,prueba,81ad2d2d7b6e2d2c,0
yt_GPCHfE_min020_003750.jpg,yt_GPCHfE_min020.mp4,prueba,81ad2d2d7b6e2d2c,0
yt_GPCHfE_min020_003900.jpg,yt_GPCHfE_min020.mp4,prueba,81ad2d2d7b6e2d2c,1
yt_GPCHfE_min020_004050.jpg,yt_GPCHfE_min020.mp4,prueba,81ad2d2d7b6e2d2c,0
yt_GPCHfE_min020_004200.jpg,yt_GPCHfE_min020.mp4,prueba,81ad2d2d7b6e2d2c,0
yt_GPCHfE_min020_004350.jpg,yt_GPCHfE_min020.mp4,prueba,81ad252d7b6e2d2c,0
yt_GPCHfE_min020_004500.jpg,yt_GPCHfE_min020.mp4,prueba,81ad2d2d7b6e2d2c,1
yt_GPCHfE_min020_004650.jpg,yt_GPCHfE_min020.mp4,prueba,81ad2d2d7b6e2d2c,0
yt_GPCHfE_min020_004800.jpg,yt_GPCHfE_min020.mp4,prueba,81ad2d2d7b6e2d2c,0
yt_GPCHfE_min020_004950.jpg,yt_GPCHfE_min020.mp4,prueba,81ad2d2d7b6e2d2c,0
yt_GPCHfE_min020_005100.jpg,yt_GPCHfE_min020.mp4,prueba,81ad2d2d7b6e2d2c,0
yt_GPCHfE_min020_005250.jpg,yt_GPCHfE_min020.mp4,prueba,81ad2d2d7b6e2d2c,0
yt_GPCHfE_min020_005400.jpg,yt_GPCHfE_min020.mp4,prueba,81ad2d2d7b6e2d2c,0
yt_GPCHfE_min020_005550.jpg,yt_GPCHfE_min020.mp4,prueba,81ad2d2d7b6e2d2c,0
yt_GPCHfE_min020_005700.jpg,yt_GPCHfE_min020.mp4,prueba,81ad2d2d7b6e2d2c,0
yt_GPCHfE_min020_005850.jpg,yt_GPCHfE_min020.mp4,prueba,81ad2d2d7b6e2d2c,0
yt_GPCHfE_min020_006000.jpg,yt_GPCHfE_min020.mp4,prueba,81ad2d2d7b6e2d2c,0
yt_GPCHfE_min020_006150.jpg,yt_GPCHfE_min020.mp4,prueba,81ad2d2d7b6e2d2c,0
yt_GPCHfE_min020_006300.jpg,yt_GPCHfE_min020.mp4,prueba,81ad2d2d7b6e2d2c,0
yt_GPCHfE_min020_006450.jpg,yt_GPCHfE_min020.mp4,prueba,81ad2d2d7b6e2d2c,0
yt_GPCHfE_min020_006600.jpg,yt_GPCHfE_min020.mp4,prueba,81ad2d2d7b6e2d2c,0
yt_GPCHfE_min020_006750.jpg,yt_GPCHfE_min020.mp4,prueba,81ad2d2d7b6e2d2c,0
yt_GPCHfE_min020_006900.jpg,yt_GPCHfE_min020.mp4,prueba,81ad2d2d7b6e2d2c,0
yt_GPCHfE_min020_007050.jpg,yt_GPCHfE_min020.mp4,prueba,81ad2d2d7b6e2d2c,0
yt_GPCHfE_min020_007200.jpg,yt_GPCHfE_min020.mp4,prueba,81ad2d2d7b6e2d2c,0
yt_GPCHfE_min020_007350.jpg,yt_GPCHfE_min020.mp4,prueba,81ad2d2d7b6e2d2c,0
yt_GPCHfE_min020_007500.jpg,yt_GPCHfE_min020.mp4,prueba,81ad2d2d7b6e2d2c,0
yt_GPCHfE_min020_007650.jpg,yt_GPCHfE_min020.mp4,prueba,81ad2d2d7b6e2d2c,0
yt_GPCHfE_min020_007800.jpg,yt_GPCHfE_min020.mp4,prueba,81ad2d2d7b6e2d2c,0
yt_GPCHfE_min020_007950.jpg,yt_GPCHfE_min020.mp4,prueba,81ad2d2d7b6e2d2c,0
yt_GPCHfE_min020_008100.jpg,yt_GPCHfE_min020.mp4,prueba,81ad2d2d7b6e2d2c,0
yt_GPCHfE_min020_008250.jpg,yt_GPCHfE_min020.mp4,prueba,81ad2d2d7b6e2d2c,0
yt_GPCHfE_min020_008400.jpg,yt_GPCHfE_min020.mp4,prueba,81ad2d2d7b6e2d2c,0
yt_GPCHfE_min020_008550.jpg,yt_GPCHfE_min020.mp4,prueba,81ad2d2d7b6e2d2c,1
yt_GPCHfE_min020_008700.jpg,yt_GPCHfE_min020.mp4,prueba,81ad2d2d7b6e2d2c,0
yt_GPCHfE_min020_008850.jpg,yt_GPCHfE_min020.mp4,prueba,81ad2d2d7b6e2d2c,0
yt_GPCHfE_min050_000000.jpg,yt_GPCHfE_min050.mp4,prueba,81ad2f2d7b6e2d2c,0
yt_GPCHfE_min050_000150.jpg,yt_GPCHfE_min050.mp4,prueba,81ad2d2d7b6e2d2c,0
yt_GPCHfE_min050_000300.jpg,yt_GPCHfE_min050.mp4,prueba,83ad2f2d7b6e2d2c,0
yt_GPCHfE_min050_000450.jpg,yt_GPCHfE_min050.mp4,prueba,81ad2d2d7b6e2c2c,0
yt_GPCHfE_min050_000600.jpg,yt_GPCHfE_min050.mp4,prueba,81ad2d2d7b6e2d2c,0
yt_GPCHfE_min050_000750.jpg,yt_GPCHfE_min050.mp4,prueba,81ad2d2d7b6e2d2c,0
yt_GPCHfE_min050_000900.jpg,yt_GPCHfE_min050.mp4,prueba,81ad2d2d7b6e2d2c,0
yt_GPCHfE_min050_001050.jpg,yt_GPCHfE_min050.mp4,prueba,81ad2d2d7b6e2d2c,0
yt_GPCHfE_min050_001200.jpg,yt_GPCHfE_min050.mp4,prueba,81ad2d2d7b6e2d2c,0
yt_GPCHfE_min050_001350.jpg,yt_GPCHfE_min050.mp4,prueba,81ad2d2d7b6e2d2c,0
yt_GPCHfE_min050_001500.jpg,yt_GPCHfE_min050.mp4,prueba,81ad2f2d7b6e2d2c,0
yt_GPCHfE_min050_001650.jpg,yt_GPCHfE_min050.mp4,prueba,81ad2d2d7b6e2d2c,0
yt_GPCHfE_min050_001800.jpg,yt_GPCHfE_min050.mp4,prueba,81ad2d2d7b6e2d2c,0
yt_GPCHfE_min050_001950.jpg,yt_GPCHfE_min050.mp4,prueba,81ad2f2d7b6e2d2c,0
yt_GPCHfE_min050_002100.jpg,yt_GPCHfE_min050.mp4,prueba,81ad2f2d7b6e2d2c,0
yt_GPCHfE_min050_002250.jpg,yt_GPCHfE_min050.mp4,prueba,81ad2d2d7b6e2d2c,0
yt_GPCHfE_min050_002400.jpg,yt_GPCHfE_min050.mp4,prueba,81ad2f2d7b6e2d2c,0
yt_GPCHfE_min050_002550.jpg,yt_GPCHfE_min050.mp4,prueba,81ad2d2d7b6e2d2c,0
yt_GPCHfE_min050_002700.jpg,yt_GPCHfE_min050.mp4,prueba,81ad2d2d7b6e2d2c,0
yt_GPCHfE_min050_002850.jpg,yt_GPCHfE_min050.mp4,prueba,81ad2f2d7b6e2d2c,0
yt_GPCHfE_min050_003000.jpg,yt_GPCHfE_min050.mp4,prueba,81ad2f2d7b6e2d2c,0
yt_GPCHfE_min050_003150.jpg,yt_GPCHfE_min050.mp4,prueba,83af2f2d7b6e2d2c,1
yt_GPCHfE_min050_003300.jpg,yt_GPCHfE_min050.mp4,prueba,81ad2f2d7b6e2d2c,0
yt_GPCHfE_min050_003450.jpg,yt_GPCHfE_min050.mp4,prueba,81ad2f2d7b6e2d2c,0
yt_GPCHfE_min050_003600.jpg,yt_GPCHfE_min050.mp4,prueba,81ad2d2d7b6e2d2c,0
yt_GPCHfE_min050_003750.jpg,yt_GPCHfE_min050.mp4,prueba,81ad2f2d7b6e2d2c,0
yt_GPCHfE_min050_003900.jpg,yt_GPCHfE_min050.mp4,prueba,81ad2f2d7b6e2d2c,0
yt_GPCHfE_min050_004050.jpg,yt_GPCHfE_min050.mp4,prueba,81ad2d2d7b6e2d2c,0
yt_GPCHfE_min050_004200.jpg,yt_GPCHfE_min050.mp4,prueba,81ad2f2d7b6e2d2c,0
yt_GPCHfE_min050_004350.jpg,yt_GPCHfE_min050.mp4,prueba,81ad2f2d7b6e2d2c,0
yt_GPCHfE_min050_004500.jpg,yt_GPCHfE_min050.mp4,prueba,81ad2f2d7b6e2d2c,0
yt_GPCHfE_min050_004650.jpg,yt_GPCHfE_min050.mp4,prueba,81ad2d2d7b6e2d2c,0
yt_GPCHfE_min050_004800.jpg,yt_GPCHfE_min050.mp4,prueba,81ad2f2d7b6e2d2c,0
yt_GPCHfE_min050_004950.jpg,yt_GPCHfE_min050.mp4,prueba,81ad2f2d7b6e2d2c,0
yt_GPCHfE_min050_005100.jpg,yt_GPCHfE_min050.mp4,prueba,81ad2f2d7b6e2d2c,0
yt_GPCHfE_min050_005250.jpg,yt_GPCHfE_min050.mp4,prueba,81ad2d2d7b6e2d2c,0
yt_GPCHfE_min050_005400.jpg,yt_GPCHfE_min050.mp4,prueba,81ad2f2d7b6e2d2c,0
yt_GPCHfE_min050_005550.jpg,yt_GPCHfE_min050.mp4,prueba,81ad2f2d7b6e2d2c,0
yt_GPCHfE_min050_005700.jpg,yt_GPCHfE_min050.mp4,prueba,81ad2f2d7b6e2d2c,0
yt_GPCHfE_min050_005850.jpg,yt_GPCHfE_min050.mp4,prueba,81ad2d2d7b6e2d2c,0
yt_GPCHfE_min050_006000.jpg,yt_GPCHfE_min050.mp4,prueba,81ad2f2d7b6e2d2c,0
yt_GPCHfE_min050_006150.jpg,yt_GPCHfE_min050.mp4,prueba,81ad2f2d7b6e2d2c,0
yt_GPCHfE_min050_006300.jpg,yt_GPCHfE_min050.mp4,prueba,81ad2f2d7b6e2d2c,0
yt_GPCHfE_min050_006450.jpg,yt_GPCHfE_min050.mp4,prueba,81ad2d2d7b6e2d2c,0
yt_GPCHfE_min050_006600.jpg,yt_GPCHfE_min050.mp4,prueba,81ad2d2d7b6e2d2c,0
yt_GPCHfE_min050_006750.jpg,yt_GPCHfE_min050.mp4,prueba,81ad2f2d7b6e2d2c,0
yt_GPCHfE_min050_006900.jpg,yt_GPCHfE_min050.mp4,prueba,89ad2f2d7b6e2d2d,0
yt_GPCHfE_min050_007050.jpg,yt_GPCHfE_min050.mp4,prueba,81ad2f2d7b6e2d2c,1
yt_GPCHfE_min050_007200.jpg,yt_GPCHfE_min050.mp4,prueba,81ad2d2d7b6e2d2d,0
yt_GPCHfE_min050_007350.jpg,yt_GPCHfE_min050.mp4,prueba,81ad2f2d7b6e2d2c,0
yt_GPCHfE_min050_007500.jpg,yt_GPCHfE_min050.mp4,prueba,81ad2d2d7b6e2d2c,0
yt_GPCHfE_min050_007650.jpg,yt_GPCHfE_min050.mp4,prueba,81ad2d2d7b6e2d2c,0
yt_GPCHfE_min050_007800.jpg,yt_GPCHfE_min050.mp4,prueba,81ad2d2d7b6e2d2c,0
yt_GPCHfE_min050_007950.jpg,yt_GPCHfE_min050.mp4,prueba,81ad2f2d7b6e2d2c,0
yt_GPCHfE_min050_008100.jpg,yt_GPCHfE_min050.mp4,prueba,81ad2d2d7b6e2d2c,0
yt_GPCHfE_min050_008250.jpg,yt_GPCHfE_min050.mp4,prueba,89ad2f2d7b6e2d2c,0
yt_GPCHfE_min050_008400.jpg,yt_GPCHfE_min050.mp4,prueba,89ad2f2d7b6e2d2c,0
yt_GPCHfE_min050_008550.jpg,yt_GPCHfE_min050.mp4,prueba,89ad2f2d7b6e2d2c,0
yt_GPCHfE_min050_008700.jpg,yt_GPCHfE_min050.mp4,prueba,89ad2f2d7b6e2d2c,0
yt_GPCHfE_min050_008850.jpg,yt_GPCHfE_min050.mp4,prueba,81ad2f2d7b6e2d2c,0
yt_GPCHfE_min085_000000.jpg,yt_GPCHfE_min085.mp4,prueba,81ad0d2d7b6e2d2c,0
yt_GPCHfE_min085_000150.jpg,yt_GPCHfE_min085.mp4,prueba,81ad0d2d7b6e2d2c,0
yt_GPCHfE_min085_000300.jpg,yt_GPCHfE_min085.mp4,prueba,81ad2d2d7b6e2d2c,0
yt_GPCHfE_min085_000450.jpg,yt_GPCHfE_min085.mp4,prueba,81ad0d2d7b6e2d2c,0
yt_GPCHfE_min085_000600.jpg,yt_GPCHfE_min085.mp4,prueba,81ad2d2d7b6e2d2c,0
yt_GPCHfE_min085_000750.jpg,yt_GPCHfE_min085.mp4,prueba,81ad0f2d7b6e2d2c,1
yt_GPCHfE_min085_000900.jpg,yt_GPCHfE_min085.mp4,prueba,81ad0d2d7b6e2d2c,0
yt_GPCHfE_min085_001050.jpg,yt_GPCHfE_min085.mp4,prueba,81ad2d2d7b6e2d2c,0
yt_GPCHfE_min085_001200.jpg,yt_GPCHfE_min085.mp4,prueba,81ad2d2d7b6e2d2c,1
yt_GPCHfE_min085_001350.jpg,yt_GPCHfE_min085.mp4,prueba,81ad2f2d7b6e2d2c,0
yt_GPCHfE_min085_001500.jpg,yt_GPCHfE_min085.mp4,prueba,81ad2f2d7b6e2d2c,0
yt_GPCHfE_min085_001650.jpg,yt_GPCHfE_min085.mp4,prueba,81ad0d2d7b6e2d2c,1
yt_GPCHfE_min085_001800.jpg,yt_GPCHfE_min085.mp4,prueba,81ad0d2d7b6e2d2c,0
yt_GPCHfE_min085_001950.jpg,yt_GPCHfE_min085.mp4,prueba,81ad2f2d7b6e2d2c,0
yt_GPCHfE_min085_002100.jpg,yt_GPCHfE_min085.mp4,prueba,81ad2f2d7b6e2d2c,0
yt_GPCHfE_min085_002250.jpg,yt_GPCHfE_min085.mp4,prueba,81ad2f2d7b6e2d2c,0
yt_GPCHfE_min085_002400.jpg,yt_GPCHfE_min085.mp4,prueba,81ad0f2d7b6e2d2c,0
yt_GPCHfE_min085_002550.jpg,yt_GPCHfE_min085.mp4,prueba,81ad0f2d7b6e2d2c,0
yt_GPCHfE_min085_002700.jpg,yt_GPCHfE_min085.mp4,prueba,81ad2f2d7b6e2d2c,0
yt_GPCHfE_min085_002850.jpg,yt_GPCHfE_min085.mp4,prueba,81ad0d2d7b6e2d2c,0
yt_GPCHfE_min085_003000.jpg,yt_GPCHfE_min085.mp4,prueba,81ad2f2d7b6e2d2c,1
yt_GPCHfE_min085_003150.jpg,yt_GPCHfE_min085.mp4,prueba,81ad0f2d7b6e2d2c,0
yt_GPCHfE_min085_003300.jpg,yt_GPCHfE_min085.mp4,prueba,81ad0f2d7b6e2d2c,1
yt_GPCHfE_min085_003450.jpg,yt_GPCHfE_min085.mp4,prueba,81ad0d2d7b6e2d2c,0
yt_GPCHfE_min085_003600.jpg,yt_GPCHfE_min085.mp4,prueba,81ad0d2d7b6e2d2c,0
yt_GPCHfE_min085_003750.jpg,yt_GPCHfE_min085.mp4,prueba,81ad0f2d7b6e2d2c,0
yt_GPCHfE_min085_003900.jpg,yt_GPCHfE_min085.mp4,prueba,81ad0d2d7b6e2d2c,1
yt_GPCHfE_min085_004050.jpg,yt_GPCHfE_min085.mp4,prueba,81ad0f2d7b6e2d2c,0
yt_GPCHfE_min085_004200.jpg,yt_GPCHfE_min085.mp4,prueba,81ad0d2d7b6e2d2c,0
yt_GPCHfE_min085_004350.jpg,yt_GPCHfE_min085.mp4,prueba,81ad0f2d7b6e2d2c,0
yt_GPCHfE_min085_004500.jpg,yt_GPCHfE_min085.mp4,prueba,81ad2f2d7b6e2d2c,0
yt_GPCHfE_min085_004650.jpg,yt_GPCHfE_min085.mp4,prueba,81ad0f2d7b6e2d2c,0
yt_GPCHfE_min085_004800.jpg,yt_GPCHfE_min085.mp4,prueba,81ad0f2d7b6e2d2c,0
yt_GPCHfE_min085_004950.jpg,yt_GPCHfE_min085.mp4,prueba,81ad0d2d7b6e2d2c,1
yt_GPCHfE_min085_005100.jpg,yt_GPCHfE_min085.mp4,prueba,81ad0f2d7b6e2d2c,0
yt_GPCHfE_min085_005250.jpg,yt_GPCHfE_min085.mp4,prueba,81ad0f2d7b6e2d2c,0
yt_GPCHfE_min085_005400.jpg,yt_GPCHfE_min085.mp4,prueba,81ad0f2d7b6e2d2c,0
yt_GPCHfE_min085_005550.jpg,yt_GPCHfE_min085.mp4,prueba,81ad0f2d7b6e2d2c,0
yt_GPCHfE_min085_005700.jpg,yt_GPCHfE_min085.mp4,prueba,81ad0f2d7b6e2d2c,0
yt_GPCHfE_min085_005850.jpg,yt_GPCHfE_min085.mp4,prueba,81ad0f2d7b6e2d2c,1
yt_GPCHfE_min085_006000.jpg,yt_GPCHfE_min085.mp4,prueba,81ad0d2d7b6e2d2c,0
yt_GPCHfE_min085_006150.jpg,yt_GPCHfE_min085.mp4,prueba,81ad0d2d7b6e2d2c,0
yt_GPCHfE_min085_006300.jpg,yt_GPCHfE_min085.mp4,prueba,81ad2f2d7b6e2d2c,0
yt_GPCHfE_min085_006450.jpg,yt_GPCHfE_min085.mp4,prueba,81ad0f2d7b6e2d2c,0
yt_GPCHfE_min085_006600.jpg,yt_GPCHfE_min085.mp4,prueba,81ad2d2d7b6e2c2c,0
yt_GPCHfE_min085_006750.jpg,yt_GPCHfE_min085.mp4,prueba,81ad2f2d7b6e2d2c,1
yt_GPCHfE_min085_006900.jpg,yt_GPCHfE_min085.mp4,prueba,81ad2f2d7b6e2d2c,0
yt_GPCHfE_min085_007050.jpg,yt_GPCHfE_min085.mp4,prueba,812d0d2d7b6e2d2c,0
yt_GPCHfE_min085_007200.jpg,yt_GPCHfE_min085.mp4,prueba,012d0f2d7b6e2d2c,0
yt_GPCHfE_min085_007350.jpg,yt_GPCHfE_min085.mp4,prueba,812d2f2d7b6e2d2c,0
yt_GPCHfE_min085_007500.jpg,yt_GPCHfE_min085.mp4,prueba,83ad0f2d7b6e2d2c,0
yt_GPCHfE_min085_007650.jpg,yt_GPCHfE_min085.mp4,prueba,81ad0f2d7b6e2d2c,0
yt_GPCHfE_min085_007800.jpg,yt_GPCHfE_min085.mp4,prueba,81ad0f2d7b6e2d2c,0
yt_GPCHfE_min085_007950.jpg,yt_GPCHfE_min085.mp4,prueba,818d8f2d7b6e2d2c,0
yt_GPCHfE_min085_008100.jpg,yt_GPCHfE_min085.mp4,prueba,812d0f2d7b6e2d2c,0
yt_GPCHfE_min085_008250.jpg,yt_GPCHfE_min085.mp4,prueba,812d0d2d7b6e2d2c,0
yt_GPCHfE_min085_008400.jpg,yt_GPCHfE_min085.mp4,prueba,812d0d2d7b6e2d2c,0
yt_GPCHfE_min085_008550.jpg,yt_GPCHfE_min085.mp4,prueba,812d0d2d7b6e2d2c,0
yt_GPCHfE_min085_008700.jpg,yt_GPCHfE_min085.mp4,prueba,812d0f2d7b6e2d2c,0
yt_GPCHfE_min085_008850.jpg,yt_GPCHfE_min085.mp4,prueba,83af0f2d7b6e2d2c,0
yt_GPCHfE_min120_000000.jpg,yt_GPCHfE_min120.mp4,prueba,832f0f2d3f6e2d2c,0
yt_GPCHfE_min120_000150.jpg,yt_GPCHfE_min120.mp4,prueba,832f0f2d3f6e2d2c,0
yt_GPCHfE_min120_000300.jpg,yt_GPCHfE_min120.mp4,prueba,83af0f2d3f6e2d2c,0
yt_GPCHfE_min120_000450.jpg,yt_GPCHfE_min120.mp4,prueba,87af0f2d3f6e2d2c,0
yt_GPCHfE_min120_000600.jpg,yt_GPCHfE_min120.mp4,prueba,83af0f2d3f6e2d2c,0
yt_GPCHfE_min120_000750.jpg,yt_GPCHfE_min120.mp4,prueba,83af0f2d3f6e2d2c,0
yt_GPCHfE_min120_000900.jpg,yt_GPCHfE_min120.mp4,prueba,832f0f2d3f6e2d2c,0
yt_GPCHfE_min120_001050.jpg,yt_GPCHfE_min120.mp4,prueba,878f0f2d3f6e2d2c,1
yt_GPCHfE_min120_001200.jpg,yt_GPCHfE_min120.mp4,prueba,83af0f2d3f6e2d2c,0
yt_GPCHfE_min120_001350.jpg,yt_GPCHfE_min120.mp4,prueba,83af0f2d3f6e2d2c,0
yt_GPCHfE_min120_001500.jpg,yt_GPCHfE_min120.mp4,prueba,87af0f2d3f6e2d2c,0
yt_GPCHfE_min120_001650.jpg,yt_GPCHfE_min120.mp4,prueba,83af0f2d3f6e2d2c,0
yt_GPCHfE_min120_001800.jpg,yt_GPCHfE_min120.mp4,prueba,83af0f2d3f6e2d2c,1
yt_GPCHfE_min120_001950.jpg,yt_GPCHfE_min120.mp4,prueba,87af0f2d3f6e2d2c,0
yt_GPCHfE_min120_002100.jpg,yt_GPCHfE_min120.mp4,prueba,87af0f2d3f6e2d2c,0
yt_GPCHfE_min120_002250.jpg,yt_GPCHfE_min120.mp4,prueba,83af0f2d3f6e2d2c,0
yt_GPCHfE_min120_002400.jpg,yt_GPCHfE_min120.mp4,prueba,83af0f2d3f6e2d2c,1
yt_GPCHfE_min120_002550.jpg,yt_GPCHfE_min120.mp4,prueba,83af0f2d3f6e2d2c,1
yt_GPCHfE_min120_002700.jpg,yt_GPCHfE_min120.mp4,prueba,83a70f2d3f6e2d2c,1
yt_GPCHfE_min120_002850.jpg,yt_GPCHfE_min120.mp4,prueba,83af0f2d3f6e2d2c,0
yt_GPCHfE_min120_003000.jpg,yt_GPCHfE_min120.mp4,prueba,87af0f2d3f6e2d2c,1
yt_GPCHfE_min120_003150.jpg,yt_GPCHfE_min120.mp4,prueba,83af0f2d3f6e2d2c,0
yt_GPCHfE_min120_003300.jpg,yt_GPCHfE_min120.mp4,prueba,87a90d2d3f6e2d2c,0
yt_GPCHfE_min120_003450.jpg,yt_GPCHfE_min120.mp4,prueba,83af0f2d3f6e2d2c,0
yt_GPCHfE_min120_003600.jpg,yt_GPCHfE_min120.mp4,prueba,83af0f2d3f6e2d2c,0
yt_GPCHfE_min120_003750.jpg,yt_GPCHfE_min120.mp4,prueba,87af0f2d3f6e2d2c,0
yt_GPCHfE_min120_003900.jpg,yt_GPCHfE_min120.mp4,prueba,87af0f2d3f6e2d2c,0
yt_GPCHfE_min120_004050.jpg,yt_GPCHfE_min120.mp4,prueba,07af0f2d3f6e2d2c,0
yt_GPCHfE_min120_004200.jpg,yt_GPCHfE_min120.mp4,prueba,07af0f2d3f6e2d2c,0
yt_GPCHfE_min120_004350.jpg,yt_GPCHfE_min120.mp4,prueba,03af0f2d3f6e2d2c,0
yt_GPCHfE_min120_004500.jpg,yt_GPCHfE_min120.mp4,prueba,07af0f2d3f6e2d2c,0
yt_GPCHfE_min120_004650.jpg,yt_GPCHfE_min120.mp4,prueba,07af0f2d3f6e2d2c,0
yt_GPCHfE_min120_004800.jpg,yt_GPCHfE_min120.mp4,prueba,07af0f2d3b6e2d2c,0
yt_GPCHfE_min120_004950.jpg,yt_GPCHfE_min120.mp4,prueba,03af0f2d3b6e2d2c,0
yt_GPCHfE_min120_005100.jpg,yt_GPCHfE_min120.mp4,prueba,03af0f2d3b6e2d2c,0
yt_GPCHfE_min120_005250.jpg,yt_GPCHfE_min120.mp4,prueba,03af0f2d3b6e2d2c,1
yt_GPCHfE_min120_005400.jpg,yt_GPCHfE_min120.mp4,prueba,03af0f2d3b6e2d2c,0
yt_GPCHfE_min120_005550.jpg,yt_GPCHfE_min120.mp4,prueba,07af0f2d3b6e2d2c,0
yt_GPCHfE_min120_005700.jpg,yt_GPCHfE_min120.mp4,prueba,07af0f2d3b6e2d2c,0
yt_GPCHfE_min120_005850.jpg,yt_GPCHfE_min120.mp4,prueba,072f0f2d3b6e2d2c,0
yt_GPCHfE_min120_006000.jpg,yt_GPCHfE_min120.mp4,prueba,83af0f2d3b6e2d2c,1
yt_GPCHfE_min120_006150.jpg,yt_GPCHfE_min120.mp4,prueba,87af0f2d3b6e2d2c,0
yt_GPCHfE_min120_006300.jpg,yt_GPCHfE_min120.mp4,prueba,83af0f2d3b6e2d2c,0
yt_GPCHfE_min120_006450.jpg,yt_GPCHfE_min120.mp4,prueba,83af0f2d3b6e2d2c,0
yt_GPCHfE_min120_006600.jpg,yt_GPCHfE_min120.mp4,prueba,83af0f2d3b6e2d2c,0
yt_GPCHfE_min120_006750.jpg,yt_GPCHfE_min120.mp4,prueba,87af0f2d3b6e2d2c,0
yt_GPCHfE_min120_006900.jpg,yt_GPCHfE_min120.mp4,prueba,87af0f2d3b6e2d2c,1
yt_GPCHfE_min120_007050.jpg,yt_GPCHfE_min120.mp4,prueba,87af0f2d3b6e2d2c,0
yt_GPCHfE_min120_007200.jpg,yt_GPCHfE_min120.mp4,prueba,87af0f2d3b6e2d2c,0
yt_GPCHfE_min120_007350.jpg,yt_GPCHfE_min120.mp4,prueba,87af0f2d3b6e2d2c,1
yt_GPCHfE_min120_007500.jpg,yt_GPCHfE_min120.mp4,prueba,87af0f2d3b6e2d2c,0
yt_GPCHfE_min120_007650.jpg,yt_GPCHfE_min120.mp4,prueba,87af0f2d3b6e2d2c,0
yt_GPCHfE_min120_007800.jpg,yt_GPCHfE_min120.mp4,prueba,87af0f2d3b6e2d2c,0
yt_GPCHfE_min120_007950.jpg,yt_GPCHfE_min120.mp4,prueba,072f0f2d3b6e2d2c,0
yt_GPCHfE_min120_008100.jpg,yt_GPCHfE_min120.mp4,prueba,072f0f2d7b6e2d2c,0
yt_GPCHfE_min120_008250.jpg,yt_GPCHfE_min120.mp4,prueba,072f0f2d3b6e2d2c,0
yt_GPCHfE_min120_008400.jpg,yt_GPCHfE_min120.mp4,prueba,072f0f2d3b6e2d2c,0
yt_GPCHfE_min120_008550.jpg,yt_GPCHfE_min120.mp4,prueba,87af0f2d3b6e2d2c,0
yt_GPCHfE_min120_008700.jpg,yt_GPCHfE_min120.mp4,prueba,87af0f2d3b6e2d2c,0
yt_GPCHfE_min120_008850.jpg,yt_GPCHfE_min120.mp4,prueba,87af0f2d3b6e2d2c,0
